start,end,AOI,display_state
-10.0,-9.95772677001001,Context,Context
-9.957726770010012,-9.907726770010013,Context,Context
-9.907726770010012,-9.85772677001001,Context,Context
-9.857726770010013,-9.807726770010014,Context,Context
-9.807726770010014,-9.757726770010013,Context,Context
-9.757726770010011,-9.70772677001001,Context,Context
-9.707726770010012,-9.657726770010012,Rule,Rule
-9.657726770010012,-9.607726770010013,Rule,Rule
-9.607726770010013,-9.557726770010014,Context,Context
-9.557726770010014,-9.507726770010013,Rule,Rule
-9.507726770010011,-9.45772677001001,Context,Context
-9.457726770010012,-9.407726770010012,Context,Context
-9.407726770010012,-9.357726770010013,Context,Context
-9.357726770010013,-9.307726770010014,Context,Context
-9.307726770010014,-9.257726770010013,Context,Context
-9.257726770010011,-9.20772677001001,Context,Context
-9.207726770010012,-9.157726770010012,Context,Context
-9.157726770010012,-9.107726770010013,Traffic,Traffic
-9.107726770010013,-9.057726770010014,Traffic,Traffic
-9.057726770010014,-9.007726770010013,Context,Context
-9.007726770010011,-8.95772677001001,Context,Context
-8.957726770010012,-8.907726770010012,Context,Context
-8.907726770010012,-8.857726770010013,Path,Path
-8.857726770010013,-8.807726770010014,Path,Path
-8.807726770010014,-8.757726770010013,Path,Path
-8.757726770010013,-8.707726770010012,Path,Path
-8.707726770010012,-8.657726770010012,Path,Path
-8.657726770010012,-8.607726770010013,Path,Path
-8.607726770010013,-8.557726770010014,Path,Path
-8.557726770010014,-8.507726770010013,Path,Path
-8.507726770010013,-8.457726770010012,Context,Context
-8.457726770010012,-8.407726770010012,Context,Context
-8.407726770010012,-8.357726770010013,Path,Path
-8.357726770010013,-8.307726770010014,Path,Path
-8.307726770010014,-8.257726770010013,Path,Path
-8.257726770010013,-8.207726770010012,Path,Path
-8.207726770010012,-8.157726770010012,Path,Path
-8.157726770010012,-8.107726770010013,Path,Path
-8.107726770010013,-8.057726770010014,Path,Path
-8.057726770010014,-8.007726770010013,Path,Path
-8.007726770010013,-7.957726770010012,Path,Path
-7.957726770010012,-7.907726770010012,Path,Path
-7.907726770010012,-7.857726770010013,Path,Path
-7.857726770010013,-7.807726770010014,Path,Path
-7.807726770010014,-7.757726770010013,Path,Path
-7.757726770010013,-7.707726770010012,Path,Path
-7.707726770010012,-7.657726770010012,Path,Path
-7.657726770010012,-7.607726770010013,Path,Path
-7.607726770010013,-7.557726770010014,Path,Path
-7.557726770010014,-7.507726770010013,Path,Path
-7.507726770010013,-7.457726770010012,Path,Path
-7.457726770010012,-7.407726770010012,Path,Path
-7.407726770010012,-7.357726770010013,Path,Path
-7.357726770010013,-7.307726770010014,Path,Path
-7.307726770010014,-7.257726770010013,Path,Path
-7.257726770010013,-7.207726770010012,Path,Path
-7.207726770010012,-7.157726770010012,Path,Path
-7.157726770010012,-7.107726770010013,Missing,Unresolved
-7.107726770010013,-7.057726770010014,Missing,Unresolved
-7.057726770010014,-7.007726770010013,Missing,Unresolved
-7.007726770010013,-6.957726770010012,Context,Context
-6.957726770010012,-6.907726770010012,Context,Context
-6.907726770010012,-6.857726770010013,Context,Context
-6.857726770010013,-6.807726770010014,Context,Context
-6.807726770010014,-6.757726770010013,Context,Context
-6.757726770010013,-6.707726770010012,Context,Context
-6.707726770010012,-6.657726770010012,Context,Context
-6.657726770010012,-6.607726770010013,Context,Context
-6.607726770010013,-6.557726770010014,Context,Context
-6.557726770010014,-6.507726770010013,Context,Context
-6.507726770010013,-6.457726770010012,Context,Context
-6.457726770010012,-6.407726770010012,Context,Context
-6.407726770010012,-6.357726770010013,Context,Context
-6.357726770010013,-6.307726770010014,Context,Context
-6.307726770010014,-6.257726770010013,Context,Context
-6.257726770010013,-6.207726770010012,Context,Context
-6.207726770010012,-6.157726770010012,Context,Context
-6.157726770010012,-6.107726770010013,Traffic,Traffic
-6.107726770010013,-6.057726770010014,Context,Context
-6.057726770010014,-6.007726770010013,Context,Context
-6.007726770010013,-5.957726770010012,Context,Context
-5.957726770010012,-5.907726770010012,Context,Context
-5.907726770010012,-5.857726770010013,Traffic,Traffic
-5.857726770010013,-5.807726770010014,Context,Context
-5.807726770010014,-5.757726770010013,Context,Context
-5.757726770010013,-5.707726770010012,Context,Context
-5.707726770010012,-5.657726770010013,Context,Context
-5.657726770010013,-5.607726770010013,Traffic,Traffic
-5.607726770010013,-5.557726770010012,Context,Context
-5.557726770010012,-5.507726770010013,Context,Context
-5.507726770010013,-5.457726770010012,Context,Context
-5.457726770010012,-5.407726770010013,Context,Context
-5.407726770010013,-5.357726770010013,Context,Context
-5.357726770010013,-5.307726770010012,Context,Context
-5.307726770010012,-5.257726770010013,Context,Context
-5.257726770010013,-5.207726770010012,Context,Context
-5.207726770010012,-5.157726770010013,Context,Context
-5.157726770010013,-5.107726770010013,Context,Context
-5.107726770010013,-5.057726770010012,Context,Context
-5.057726770010012,-5.007726770010013,Context,Context
-5.007726770010013,-4.957726770010012,Context,Context
-4.957726770010012,-4.907726770010013,Context,Context
-4.907726770010013,-4.857726770010013,Traffic,Traffic
-4.857726770010013,-4.807726770010012,Missing,Unresolved
-4.807726770010012,-4.757726770010013,Traffic,Traffic
-4.757726770010013,-4.707726770010012,Traffic,Traffic
-4.707726770010012,-4.657726770010013,Traffic,Traffic
-4.657726770010013,-4.607726770010013,Traffic,Traffic
-4.607726770010013,-4.557726770010012,Traffic,Traffic
-4.557726770010012,-4.507726770010013,Traffic,Traffic
-4.507726770010013,-4.457726770010012,Traffic,Traffic
-4.457726770010012,-4.407726770010013,Traffic,Traffic
-4.407726770010013,-4.357726770010013,Traffic,Traffic
-4.357726770010013,-4.307726770010012,Traffic,Traffic
-4.307726770010012,-4.257726770010013,Traffic,Traffic
-4.257726770010013,-4.207726770010012,Traffic,Traffic
-4.207726770010012,-4.157726770010012,Traffic,Traffic
-4.157726770010012,-4.107726770010013,Traffic,Traffic
-4.107726770010013,-4.057726770010012,Traffic,Traffic
-4.057726770010012,-4.007726770010013,Traffic,Traffic
-4.007726770010013,-3.9577267700100123,Traffic,Traffic
-3.957726770010012,-3.907726770010011,Traffic,Traffic
-3.907726770010012,-3.857726770010013,Traffic,Traffic
-3.8577267700100126,-3.807726770010012,Traffic,Traffic
-3.807726770010012,-3.757726770010013,Traffic,Traffic
-3.757726770010013,-3.7077267700100123,Traffic,Traffic
-3.707726770010012,-3.657726770010011,Traffic,Traffic
-3.657726770010012,-3.607726770010013,Traffic,Traffic
-3.6077267700100126,-3.557726770010012,Traffic,Traffic
-3.557726770010012,-3.507726770010013,Traffic,Traffic
-3.507726770010013,-3.4577267700100123,Traffic,Traffic
-3.4577267700100123,-3.4077267700100116,Traffic,Traffic
-3.407726770010012,-3.357726770010013,Traffic,Traffic
-3.3577267700100126,-3.307726770010012,Traffic,Traffic
-3.307726770010012,-3.257726770010013,Traffic,Traffic
-3.257726770010013,-3.2077267700100123,Traffic,Traffic
-3.2077267700100123,-3.1577267700100116,Context,Context
-3.157726770010012,-3.107726770010013,Context,Context
-3.1077267700100126,-3.057726770010012,Context,Context
-3.057726770010012,-3.007726770010013,Context,Context
-3.007726770010013,-2.9577267700100123,Context,Context
-2.9577267700100123,-2.9077267700100116,Context,Context
-2.907726770010012,-2.857726770010013,Context,Context
-2.8577267700100126,-2.807726770010012,Traffic,Traffic
-2.807726770010012,-2.757726770010013,Traffic,Traffic
-2.757726770010013,-2.7077267700100123,Traffic,Traffic
-2.7077267700100123,-2.6577267700100116,Traffic,Traffic
-2.657726770010012,-2.607726770010013,Traffic,Traffic
-2.6077267700100126,-2.557726770010012,Traffic,Traffic
-2.557726770010012,-2.507726770010013,Traffic,Traffic
-2.507726770010013,-2.4577267700100123,Context,Context
-2.4577267700100123,-2.4077267700100116,Context,Context
-2.407726770010012,-2.357726770010013,Context,Context
-2.3577267700100126,-2.307726770010012,Context,Context
-2.307726770010012,-2.257726770010013,Context,Context
-2.257726770010013,-2.2077267700100123,Context,Context
-2.2077267700100123,-2.1577267700100116,Context,Context
-2.157726770010012,-2.107726770010013,Context,Context
-2.1077267700100126,-2.057726770010012,Context,Context
-2.057726770010012,-2.007726770010013,Context,Context
-2.007726770010013,-1.9577267700100123,Context,Context
-1.9577267700100125,-1.9077267700100118,Context,Context
-1.907726770010012,-1.8577267700100113,Context,Context
-1.8577267700100109,-1.8077267700100137,Context,Context
-1.8077267700100137,-1.757726770010013,Traffic,Traffic
-1.757726770010013,-1.7077267700100123,Traffic,Traffic
-1.7077267700100125,-1.6577267700100118,Traffic,Traffic
-1.6577267700100116,-1.6077267700100109,Traffic,Traffic
-1.6077267700100109,-1.5577267700100137,Traffic,Traffic
-1.5577267700100137,-1.507726770010013,Traffic,Traffic
-1.507726770010013,-1.4577267700100123,Traffic,Traffic
-1.4577267700100125,-1.4077267700100118,Traffic,Traffic
-1.4077267700100116,-1.3577267700100109,Traffic,Traffic
-1.3577267700100109,-1.3077267700100137,Traffic,Traffic
-1.3077267700100137,-1.257726770010013,Traffic,Traffic
-1.257726770010013,-1.2077267700100123,Traffic,Traffic
-1.2077267700100125,-1.1577267700100118,Traffic,Traffic
-1.1577267700100116,-1.1077267700100109,Context,Context
-1.1077267700100109,-1.0577267700100137,Context,Context
-1.0577267700100137,-1.007726770010013,Context,Context
-1.007726770010013,-0.9577267700100123,Context,Context
-0.9577267700100124,-0.9077267700100117,Context,Context
-0.9077267700100116,-0.8577267700100109,Context,Context
-0.8577267700100109,-0.8077267700100137,Context,Context
-0.8077267700100137,-0.757726770010013,Context,Context
-0.757726770010013,-0.7077267700100123,Context,Context
-0.7077267700100123,-0.6577267700100116,Context,Context
-0.6577267700100116,-0.6077267700100109,Context,Context
-0.6077267700100109,-0.5577267700100137,Context,Context
-0.5577267700100137,-0.507726770010013,Context,Context
-0.507726770010013,-0.4577267700100123,Context,Context
-0.4577267700100123,-0.40772677001001156,Context,Context
-0.4077267700100115,-0.3577267700100108,Context,Context
-0.3577267700100108,-0.3077267700100137,Context,Context
-0.3077267700100137,-0.257726770010013,Context,Context
-0.257726770010013,-0.20772677001001227,Context,Context
-0.2077267700100122,-0.1577267700100115,Context,Context
-0.1577267700100115,-0.10772677001001081,Context,Context
-0.1077267700100108,-0.057726770010013695,Rule,Rule
-0.0577267700100136,-0.007726770010012901,Traffic,Traffic
-0.0077267700100129,0.0,Context,Context
