time_to_M0_s,fitted_traffic_minus_context_share,change_from_early_baseline,simultaneous95_low,simultaneous95_high,baseline_window,n_observed_participants,n_observed_trials
-9.999835619999999,-0.22693300852981702,0.015323235952148578,-0.07619048903670499,0.10683696094100213,True,68,108
-9.949838139599999,-0.22832687928078318,0.013929365201182431,-0.06449445616083944,0.0923531865632043,True,88,221
-9.899840659199999,-0.2296888374341234,0.012567407047842195,-0.05441389898700673,0.07954871308269111,True,87,192
-9.849843178799999,-0.23101714324650482,0.011239101235460769,-0.04600163217609351,0.06847983464701504,True,87,223
-9.799845698399999,-0.23231005697459456,0.009946187507371036,-0.03932424002702781,0.05921661504176988,True,88,194
-9.749848217999999,-0.2335658388750597,0.008690405606905892,-0.03443671784274137,0.05181752905655315,True,86,220
-9.699850737599998,-0.23478274920456735,0.007473495277398234,-0.03133016888723184,0.04627715944202831,True,89,199
-9.649853257199998,-0.23595904821978467,0.006297196262180944,-0.029866481798620458,0.042460874322982345,True,85,225
-9.599855776799998,-0.23709299617737867,0.0051632483045869195,-0.029749673080623394,0.040076169689797235,True,90,204
-9.549858296399998,-0.23818285333401654,0.004073391147949049,-0.03057550377129817,0.03872228606719627,True,88,230
-9.499860815999998,-0.23922687994636538,0.0030293645356002305,-0.03192950378937548,0.03798823286057594,True,90,201
-9.449863335599998,-0.24022333627109224,0.002032908210873353,-0.03346433706027006,0.03753015348201676,True,88,225
-9.399865855199998,-0.24117048256486429,0.0010857619171013029,-0.034926951200743225,0.03709847503494583,True,90,205
-9.3498683748,-0.2420665790843486,0.0001896653976170124,-0.03615097127131621,0.03653030206655024,True,86,223
-9.2998708944,-0.24290988608621228,-0.0006536416042466988,-0.03703738791904393,0.035730104710550534,True,90,202
-9.249873414,-0.2436986638271225,-0.0014424193451569032,-0.037536188734324016,0.03465135004401021,True,88,230
-9.1998759336,-0.2444311725637463,-0.0021749280817807064,-0.03763277237314041,0.033282916209578996,True,90,201
-9.1498784532,-0.24510567255275081,-0.0028494280707852164,-0.037339187757778794,0.031640331616208356,True,90,228
-9.0998809728,-0.24572042405080313,-0.0034641795688375447,-0.03668929772639484,0.029760938588719754,True,89,199
-9.0498834924,-0.24627368731457042,-0.0040174428326048015,-0.035737047345893495,0.027702161680683894,True,90,229
-8.999886012,-0.24676372260071966,-0.004507478118754086,-0.034557271496767634,0.025542315259259464,True,90,202
-8.9498885316,-0.2471887901659181,-0.004932545683952517,-0.033248499719193275,0.02338340835128824,True,89,231
-8.8998910512,-0.2475471502668328,-0.0052909057848671975,-0.031936606344821705,0.02135479477508731,True,90,204
-8.849893570799999,-0.24783706316013082,-0.005580818678165229,-0.030776339498703585,0.019614702142373125,True,89,235
-8.799896090399999,-0.24805678910247933,-0.00580054462051373,-0.029944571800963472,0.01834348255993601,True,90,206
-8.749898609999999,-0.2482045883505454,-0.0059483438685798045,-0.029617086913711555,0.017720399176551948,True,89,235
-8.699901129599999,-0.24827872116099614,-0.006022476679030559,-0.029927365271374816,0.017882411913313696,True,88,202
-8.649903649199999,-0.2482774477904987,-0.006021203308533111,-0.03092499117847324,0.018882584561407015,True,90,238
-8.599906168799999,-0.24819902849572015,-0.005942784013754557,-0.03256325532898845,0.020677687301479335,True,88,206
-8.549908688399999,-0.2480417235333276,-0.005785479051362007,-0.034724791948918206,0.02315383384619419,True,90,238
-8.499911207999999,-0.24780379315998816,-0.005547548678022574,-0.0372625931369568,0.026167495780911647,True,89,205
-8.449913727599998,-0.24748349763236896,-0.005227253150403362,-0.04003117964845788,0.029576673347651152,True,90,243
-8.399916247199998,-0.24707909720713708,-0.004822852725171487,-0.042900997935383496,0.03325529248504052,True,91,208
-8.349918766799998,-0.24658885214095963,-0.004332607658994043,-0.04576130179271948,0.03709608647473139,True,90,239
-8.299921286399998,-0.24601102269050373,-0.0037547782085381497,-0.04851799357634265,0.041008437159266345,True,91,208
-8.249923805999998,-0.24534386911243652,-0.003087624630470912,-0.05109022483121384,0.04491497557027202,True,91,244
-8.199926325599998,-0.24458565166342502,-0.002329407181459438,-0.05340731007600557,0.0487484957130867,True,89,207
-8.149928845199998,-0.24373463060013642,-0.0014783861181708292,-0.055406377739542906,0.05244960550320124,True,91,246
-8.0999313648,-0.24278907989145487,-0.000532835409489287,-0.05703089404308904,0.05596522322411047,True,91,210
-8.049933884399998,-0.24174906501453836,0.0005071794674272468,-0.058247657018958295,0.05926201595381279,True,91,245
-7.999936403999999,-0.24061820436956094,0.0016380401124046734,-0.05906453694314426,0.06234061716795361,False,91,211
-7.949938923599999,-0.23940053502016842,0.00285570946179716,-0.05949810826612063,0.06520952718971496,False,91,247
-7.8999414431999995,-0.23810009403000684,0.004156150451958753,-0.05956812743391814,0.06788042833783565,False,91,208
-7.849943962799999,-0.236720918462722,0.005535326019243599,-0.059296643262515436,0.07036729530100264,False,91,246
-7.799946482399999,-0.23526704538195983,0.006989199100005764,-0.058707397129523615,0.07268579532953515,False,91,206
-7.749949001999999,-0.23374251185136627,0.008513732630599341,-0.05782539995762057,0.07485286521881926,False,91,242
-7.699951521599999,-0.23215135493458716,0.010104889547378435,-0.05667661606509775,0.07688639515985463,False,91,207
-7.649954041199999,-0.23049761169526847,0.01175863278669712,-0.05528770871874555,0.07880497429213978,False,92,242
-7.599956560799999,-0.22878531919705608,0.013470925284909502,-0.053685816824022285,0.08062766739384129,False,91,207
-7.549959080399999,-0.22701851450359592,0.015237729978369667,-0.05189834110595433,0.08237380106269367,False,92,243
-7.499961599999999,-0.22520123467853387,0.017055009803431716,-0.049952723933420554,0.084062743540284,False,91,213
-7.449964119599999,-0.22333751678551586,0.01891872769644974,-0.04787621116609425,0.08571366655899373,False,92,247
-7.399966639199999,-0.22143139788818778,0.020824846593777816,-0.04569558804431563,0.08734528123187126,False,92,210
-7.349969158799999,-0.21948691505019555,0.02276932943177006,-0.043436884843494686,0.0889755437070348,False,91,246
-7.299971678399999,-0.21750810533518503,0.024748139146780555,-0.041125052166866176,0.09062133046042728,False,91,210
-7.2499741979999985,-0.2154990058068022,0.02675723867516339,-0.038783610498342835,0.09229808784866961,False,91,245
-7.1999767175999985,-0.21346365352869295,0.028792590953272662,-0.03643428385440936,0.09401946576095468,False,91,207
-7.149979237199998,-0.2114060855645031,0.03085015891746247,-0.034096632641399116,0.09579695047632406,False,90,245
-7.099981756799998,-0.2093303389778787,0.032925905504086896,-0.031787705453626004,0.0976395164617998,False,93,212
-7.049984276399998,-0.20724045083246553,0.03501579364950004,-0.02952173268200735,0.09955331998100743,False,91,249
-6.999986795999998,-0.20514045819190962,0.037115786290056,-0.027309885606350483,0.10154145818646249,False,94,213
-6.949989315599999,-0.2030343981198568,0.03922184636210881,-0.025160122550511775,0.1036038152747294,False,92,246
-6.899991835199999,-0.20092630767995295,0.041329936802012655,-0.023077138624216516,0.10573701222824183,False,93,219
-6.849994354799999,-0.198820223935844,0.04343602054612159,-0.021062428124112638,0.10793446921635583,False,93,251
-6.799996874399999,-0.1967201839511759,0.04553606053078971,-0.01911445996102884,0.11018658102260825,False,94,220
-6.749999393999999,-0.1946302247895945,0.047626019692371103,-0.017228957994521586,0.11248099737926379,False,91,248
-6.700001913599999,-0.19255438351474574,0.04970186096721986,-0.015399271336544118,0.11480299327098384,False,94,219
-6.650004433199999,-0.1904966971902755,0.051759547291690085,-0.01361681560333309,0.11713591018671327,False,93,254
-6.600006952799999,-0.18846120287982976,0.05379504160213582,-0.011871565223528287,0.11946164842779994,False,94,217
-6.550009472399999,-0.18645193764705437,0.055804306834911235,-0.010152579107671436,0.1217611927774939,False,93,255
-6.500011991999999,-0.18447293855559518,0.0577833059263704,-0.008448546636815706,0.12401515848955649,False,94,217
-6.450014511599999,-0.1825282426690982,0.05972800181286738,-0.006748347195178327,0.12620435082091308,False,94,255
-6.400017031199999,-0.18062188705120927,0.06163435743075631,-0.005041623521002035,0.12831033838251465,False,94,220
-6.350019550799999,-0.17875790876557432,0.06349833571639125,-0.0033193763157864514,0.13031604774856897,False,94,260
-6.300022070399999,-0.17694010110381816,0.06531614337814744,-0.0015747782290279205,0.1322070649853228,False,94,227
-6.250024589999999,-0.17516863790502196,0.06708760657694364,0.00019358616277613538,0.13398162699111116,False,94,263
-6.200027109599999,-0.17344092104823527,0.06881532343373031,0.001982009191924025,0.1356486376755366,False,94,226
-6.150029629199999,-0.17175428192927714,0.07050196255268848,0.0037841467049121585,0.1372197784004648,False,94,256
-6.100032148799999,-0.17010605194396639,0.0721501925379992,0.005591653606719399,0.138708731469279,False,94,222
-6.050034668399999,-0.16849356248812206,0.07376268199384357,0.007394714627596194,0.14013064936009095,False,95,260
-6.0000371879999985,-0.16691414495756296,0.07534209952440266,0.009182539249989852,0.14150165979881546,False,94,226
-5.9500397075999985,-0.16536513074810813,0.07689111373385749,0.010943834042815306,0.14283839342489968,False,95,263
-5.900042227199998,-0.16384385125557643,0.07841239322638917,0.012667260861322874,0.14415752559145545,False,94,224
-5.850044746799998,-0.16234763787578688,0.07990860660617871,0.01434188421963184,0.14547532899272558,False,95,264
-5.800047266399999,-0.16087382200455838,0.0813824224774072,0.015957605865708005,0.14680723908910642,False,93,223
-5.750049785999999,-0.15941973503770987,0.08283650944425573,0.01750557954980797,0.1481674393387035,False,94,266
-5.700052305599999,-0.15798270837106027,0.08427353611090534,0.01897859467992885,0.14956847754188182,False,93,223
-5.650054825199999,-0.15656007340042846,0.08569617108153713,0.02037141458410567,0.15102092757896857,False,94,265
-5.600057344799999,-0.1551491615216335,0.08710708296033211,0.02168105399109707,0.15253311192956714,False,94,229
-5.550059864399999,-0.15374730413049426,0.08850894035147135,0.02290698144267994,0.15411089926026275,False,94,270
-5.500062383999999,-0.15235183262282964,0.08990441185913596,0.02405123566715496,0.15575758805111695,False,94,225
-5.450064903599999,-0.15096007839445863,0.09129616608750697,0.025118450067273937,0.15747388210774,False,94,272
-5.4000674231999986,-0.14956937284120017,0.09268687164076543,0.02611578562658798,0.15925795765494288,False,94,229
-5.3500699427999985,-0.14817704735887316,0.09407919712309244,0.027052778717886916,0.16110561552829797,False,95,271
-5.300072462399998,-0.14678043334329655,0.09547581113866906,0.027941115514858755,0.16301050676247936,False,94,226
-5.250074981999998,-0.14537686219028928,0.09687938229167631,0.028794348201813327,0.1649644163815393,False,95,268
-5.200077501599999,-0.1439636652956703,0.09829257918629529,0.029627569561188824,0.16695758881140177,False,94,229
-5.150080021199999,-0.14253817405525854,0.09971807042670706,0.030457061817527567,0.16897907903588655,False,94,265
-5.100082540799999,-0.1410977198648729,0.1011585246170927,0.03129993318326871,0.17101711605091668,False,94,229
-5.050085060399999,-0.1396396341203323,0.10261661036163326,0.032173751926603544,0.17305946879666298,False,95,268
-5.000087579999999,-0.1381612482174558,0.10409499626450981,0.03309618353728311,0.17509380899173652,False,94,235
-4.950090099599999,-0.1366598935520622,0.1055963509299034,0.03408463218541767,0.17710806967438913,False,95,271
-4.900092619199999,-0.1351329015199705,0.10712334296199509,0.03515588347707377,0.17909080244691641,False,92,232
-4.850095138799999,-0.13357760351699965,0.10867864096496596,0.03632574166576316,0.18103154026416876,False,95,274
-4.800097658399999,-0.13199133093896853,0.11026491354299707,0.037608650996595286,0.18292117608939884,False,93,226
-4.7501001779999985,-0.13037141518169612,0.11188482930026948,0.03901728766742911,0.18475237093310987,False,95,280
-4.700102697599998,-0.12871518764100134,0.11354105684096426,0.04056210589444427,0.18652000778748423,False,94,228
-4.650105217199998,-0.1270200227541133,0.1152362217278523,0.042250675175938585,0.18822176827976603,False,96,276
-4.600107736799998,-0.12528590878348578,0.11697033569847982,0.04407865980571973,0.18986201159123992,False,93,231
-4.550110256399999,-0.12351690354501943,0.11873934093694617,0.04602547374711137,0.19145320812678096,False,96,279
-4.500112775999999,-0.12171741705065203,0.12053882743131358,0.04806754490222294,0.19301010996040424,False,93,230
-4.450115295599999,-0.11989185931232132,0.12236438516964428,0.050180090358487736,0.19454867998080083,False,96,279
-4.400117815199999,-0.11804464034196507,0.12421160414000053,0.052337684848085805,0.19608552343191527,False,94,235
-4.350120334799999,-0.11618017015152103,0.12607607433044457,0.05451482798343846,0.19763732067745068,False,96,282
-4.300122854399999,-0.11430285875292692,0.12795338572903867,0.056686519527253704,0.19922025193082363,False,94,235
-4.250125373999999,-0.11241711615812061,0.12983912832384498,0.058828842933929565,0.2008494137137604,False,95,279
-4.200127893599999,-0.11052735237903974,0.13172889210292585,0.06091954812370075,0.20253823608215094,False,94,236
-4.1501304131999985,-0.1086379774276221,0.1336182670543435,0.06293861564878617,0.2042979184599008,False,95,283
-4.1001329327999985,-0.10675340131580544,0.13550284316616015,0.06486877721754612,0.20613690911477417,False,94,234
-4.050135452399998,-0.10487803405552759,0.137378210426438,0.06669596328975333,0.20806045756312266,False,96,279
-4.000137971999998,-0.1030162856587262,0.13923995882323942,0.06840964830633442,0.21007026934014442,False,94,234
-3.9501404915999982,-0.10117256613733908,0.1410836783446265,0.0700030686373619,0.21216428805189114,False,96,276
-3.900143011199999,-0.09935128550330402,0.14290495897866157,0.07147329716122343,0.21433662079609972,False,94,239
-3.850145530799999,-0.09755685376855872,0.14469939071340687,0.07282117016121113,0.2165776112656026,False,96,281
-3.800148050399999,-0.09579368094504093,0.14646256353692466,0.07405107483957767,0.21887405223427164,False,94,239
-3.750150569999999,-0.09406617704468839,0.1481900674372772,0.07517061689770224,0.22120951797685215,False,96,280
-3.700153089599999,-0.09237875207943899,0.14987749240252657,0.07619019542009865,0.2235647893849545,False,93,231
-3.6501556091999987,-0.09073581606123038,0.1515204284207352,0.07712251570198768,0.22591834113948273,False,97,282
-3.6001581287999986,-0.0891417790020003,0.1531144654799653,0.07798206965712616,0.22824686130280442,False,91,237
-3.5501606483999986,-0.08760105091368653,0.15465519356827906,0.0787846088493688,0.23052577828718931,False,97,283
-3.5001631679999985,-0.08611804180822685,0.15613820267373874,0.07954662827868635,0.2327297770687911,False,93,236
-3.4501656875999984,-0.084697161697559,0.15755908278440658,0.08028487113753276,0.23483329443128043,False,97,280
-3.4001682071999983,-0.08334282059362069,0.1589134238883449,0.08101585689241395,0.23681099088427585,False,93,236
-3.3501707267999983,-0.0820594285083498,0.1601968159736158,0.08175542788119405,0.23863820406603753,False,97,278
-3.300173246399998,-0.08085139545368397,0.16140484902828162,0.0825183033703297,0.24029139468623353,False,92,239
-3.250175765999999,-0.07972313144156098,0.1625331130404046,0.08331762456978944,0.24174860151101976,False,97,281
-3.200178285599999,-0.07867904648391863,0.16357719799804696,0.08416446911900792,0.24298992687708598,False,94,242
-3.150180805199999,-0.07772355059269465,0.16453269388927094,0.0850673085989787,0.24399807917956318,False,97,282
-3.100183324799999,-0.0768610537798268,0.1653951907021388,0.08603137727666306,0.24475900412761453,False,94,242
-3.0501858443999987,-0.07609566566054543,0.16616057882142013,0.08705774401484705,0.2452634136279932,False,97,286
-3.0001883639999987,-0.07542364627368497,0.1668325982082806,0.08813847793484764,0.2455267184817136,False,94,243
-2.9501908835999986,-0.07483284507792454,0.16742339940404105,0.08925739364915547,0.24558940515892663,False,97,287
-2.9001934031999985,-0.07431069876684965,0.16794554571511594,0.09039580814486557,0.2454952832853663,False,94,244
-2.8501959227999984,-0.07384464403404582,0.16841160044791975,0.09153357365777601,0.2452896272380635,False,97,285
-2.8001984423999984,-0.07342211757309869,0.1688341269088669,0.09264988003301902,0.24501837378471478,False,95,243
-2.7502009619999983,-0.07303055607759376,0.16922568840437183,0.09372410513659833,0.2447272716721453,False,97,287
-2.7002034815999982,-0.07265739624111664,0.16959884824084895,0.09473672891046644,0.24446096757123145,False,95,240
-2.650206001199998,-0.07229007475725285,0.16996616972471273,0.09567030639164883,0.24426203305777663,False,96,283
-2.600208520799999,-0.07191602831958799,0.1703402161623776,0.0965104720667689,0.24416996025798632,False,93,238
-2.550211040399999,-0.07152269362170766,0.17073355086025793,0.0972469247406606,0.24422017697985526,False,97,289
-2.500213559999999,-0.0710975073571973,0.17115873712476828,0.09787432290910311,0.24444315134043346,False,94,242
-2.4502160795999988,-0.0706279062196426,0.171628338262323,0.09839301062801856,0.24486366589662742,False,97,285
-2.4002185991999987,-0.07010132690262907,0.17215491757933649,0.0988094974702917,0.24550033768838125,False,94,241
-2.3502211187999986,-0.0695052060997423,0.17275103838222328,0.09913663492938769,0.24636544183505887,False,97,288
-2.3002236383999985,-0.06882698050456786,0.17342926397739775,0.09939346291000356,0.24746506504479193,False,93,238
-2.2502261579999985,-0.06805408681069125,0.1742021576712743,0.09960473705967686,0.24879957828287175,False,97,289
-2.2002286775999984,-0.0671739617116981,0.1750822827702675,0.09980018195227308,0.2503643835882619,False,94,238
-2.1502311971999983,-0.06617404190117396,0.17608220258079163,0.10001353882540572,0.25215086633617756,False,95,290
-2.1002337167999983,-0.0650417640727044,0.1772144804092612,0.10028148548428722,0.25414747533423515,False,95,242
-2.050236236399998,-0.06376456491987495,0.17849167956209064,0.10064250028856263,0.25634085883561863,False,97,288
-2.000238755999998,-0.062329881136271234,0.17992636334569434,0.10113572550897178,0.2587170011824169,False,94,244
-1.950241275599998,-0.060725149415478755,0.18153109506648685,0.10179986302761246,0.26126232710536124,False,97,291
-1.900243795199998,-0.05893780645108309,0.1833184380308825,0.10267211229138726,0.2639647637703777,False,95,243
-1.850246314799998,-0.05695528893666983,0.18530095554529574,0.10378714007976211,0.2668147710108294,False,97,287
-1.8002488343999978,-0.05476503356582455,0.18749121091614104,0.10517605578071933,0.2698063660515628,False,95,248
-1.7502513539999978,-0.0523544770321328,0.18990176744983278,0.10686535498006651,0.27293817991959907,False,96,284
-1.7002538735999977,-0.049711056029180155,0.19254518845278543,0.10887578823557696,0.2762145886699939,False,94,247
-1.6502563931999994,-0.046822207250552215,0.19543403723141337,0.11122111118465304,0.2796469632781737,False,95,292
-1.6002589127999993,-0.04367536738983442,0.19858087709213115,0.11390667789504559,0.2832550762892167,False,95,249
-1.5502614323999993,-0.04025797314061244,0.20199827134135315,0.11692785454097686,0.2870686881417294,False,97,291
-1.5002639519999992,-0.03656076832290389,0.2056954761590617,0.12026457994056255,0.29112637237756084,False,95,250
-1.450266471599999,-0.03262631551962329,0.20962992896234228,0.12382848724169516,0.2954313706829894,False,96,292
-1.400268991199999,-0.028538296160411758,0.21371794832155383,0.12748569055561998,0.2999502060874877,False,95,249
-1.350271510799999,-0.024381522868976505,0.2178747216129891,0.13110869072963066,0.30464075249634753,False,96,293
-1.300274030399999,-0.020240808269024746,0.22201543621294084,0.13458131921269395,0.30944955321318773,False,94,247
-1.2502765499999988,-0.016200964984263475,0.2260552794977021,0.13780140970429186,0.3143091492911123,False,97,291
-1.2002790695999987,-0.012346805638400113,0.22990943884356546,0.14068232566552674,0.3191365520216042,False,94,246
-1.1502815891999987,-0.008763142855141598,0.233493101626824,0.14315326280470153,0.32383294044894645,False,95,291
-1.1002841087999986,-0.005534789258195227,0.23672145522377036,0.14515838355583394,0.3282845268917068,False,95,246
-1.0502866283999985,-0.0027465574712681184,0.23950968701069747,0.14665497282264883,0.3323644011987461,False,97,288
-1.0002891479999985,-0.0004832601180674856,0.2417729843638981,0.14761088683561976,0.33593508189217647,False,95,245
-0.9502916675999984,0.0011702901776994845,0.24342653465966507,0.14800157859673285,0.3388514907225973,False,97,288
-0.9002941871999983,0.0021292807923257995,0.2443855252742914,0.1478069291776595,0.34096412137092325,False,93,248
-0.8502967067999982,0.0023088991021040506,0.24456514358406964,0.1470080161596878,0.3421222710084515,False,96,290
-0.8002992263999982,0.0016243324833271344,0.24388057696529275,0.14558383342522552,0.34217732050536,False,94,249
-0.7503017459999981,-9.231687712052405e-06,0.24224701279425354,0.14350785670939378,0.34098616887911326,False,96,283
-0.700304265599998,-0.0026766060347206966,0.2395796384472449,0.1407442309957995,0.3384150458986903,False,93,245
-0.650306785199998,-0.006462603181405957,0.23579364130055963,0.13724323316431458,0.3343440494368047,False,97,285
-0.6003093047999979,-0.011452035751475104,0.23080420873049048,0.1329355267655152,0.3286728906954658,False,94,244
-0.5503118243999978,-0.017729716368635212,0.22452652811333035,0.127724573820886,0.3213284824057747,False,97,290
-0.5003143439999977,-0.02538045765659347,0.21687578682537212,0.12147643141822587,0.3122751422325184,False,95,250
-0.4503168635999977,-0.034489072239057034,0.20776717224290855,0.11400615314568732,0.30152819134012976,False,97,290
-0.4003193831999994,-0.04514037273973276,0.19711587174223283,0.10506043927070426,0.2891713042137614,False,94,250
-0.3503219027999993,-0.057419171782328415,0.18483707269963717,0.09429767215031211,0.27537647324896225,False,97,292
-0.30032442239999924,-0.07141028199055097,0.17084596249141462,0.08127001178410902,0.2604219131987202,False,95,252
-0.25032694199999916,-0.08719851598810752,0.15505772849385807,0.06541829356074079,0.24469716342697534,False,97,294
-0.2003294615999991,-0.10486868639870524,0.13738755808326036,0.04609624204172219,0.22867887412479854,False,95,250
-0.15033198119999902,-0.1245056058460513,0.1177506386359143,0.022636473263577622,0.21286480400825097,False,97,294
-0.10033450079999895,-0.1461940869538529,0.09606215752811272,-0.005553297069903956,0.1976776121261294,False,95,252
-0.05033702039999888,-0.17001894234581713,0.07223730213614846,-0.038907490866780914,0.18338209513907783,False,97,293
-0.0003395399999988058,-0.19606498464565125,0.04619125983631433,-0.07767828962911832,0.170060809301747,False,69,116
